Date,Return
2018-04-02,0.9979425695591672
2018-04-03,0.9827946423108627
2018-04-04,0.9833494624482791
2018-04-05,0.9684945895160336
2018-04-06,0.9690758087179853
2018-04-09,0.9731489230963848
2018-04-10,0.9784101462111819
2018-04-11,0.9836883633048091
2018-04-12,0.9618561780884217
2018-04-13,0.9655689202702497
2018-04-16,0.9677782320429271
2018-04-17,0.9738089852296113
2018-04-18,0.9608209941313196
2018-04-19,0.941121359913263
2018-04-20,0.9151343275708561
2018-04-23,0.9025945380897363
2018-04-24,0.8908100531675461
2018-04-25,0.8738594799818853
2018-04-26,0.8791864811647817
2018-04-27,0.8882020636391463
2018-04-30,0.8743523023946741
2018-05-01,0.864012444247794
2018-05-02,0.8588527144342823
2018-05-03,0.8675764686632611
2018-05-04,0.8776171375390651
2018-05-07,0.877601469209973
2018-05-08,0.8765692575088998
2018-05-09,0.8724170353833897
2018-05-10,0.8927925635106652
2018-05-11,0.8956559538281874
2018-05-14,0.8854875911660752
2018-05-15,0.8525886933731148
2018-05-16,0.8487693548491894
2018-05-17,0.8432340414552147
2018-05-18,0.8516593179672349
2018-05-21,0.8562978484576573
2018-05-22,0.8525441278364088
2018-05-23,0.8627716408273923
2018-05-24,0.8789069850752864
2018-05-25,0.8815655237630642
2018-05-29,0.9004126672738405
2018-05-30,0.9008257763040107
2018-05-31,0.8925636144611073
2018-06-01,0.8877964633710804
2018-06-04,0.8819853188210051
2018-06-05,0.8883826014541579
2018-06-06,0.8855161493475595
2018-06-07,0.8943674736548743
2018-06-08,0.8939886760691316
2018-06-11,0.8943651542146229
2018-06-12,0.8915902118209295
2018-06-13,0.8917620284155651
2018-06-14,0.9029898911438774
2018-06-15,0.8855034703305701
2018-06-18,0.8809530871739341
2018-06-19,0.8814521357014052
2018-06-20,0.868706701397624
2018-06-21,0.8679644975112133
2018-06-22,0.8710059724619572
2018-06-25,0.8607650785603636
2018-06-26,0.8578785420996929
2018-06-27,0.8561209256680976
2018-06-28,0.8564043504686311
2018-06-29,0.8578364676329062
2018-07-02,0.8479046593920383
2018-07-03,0.859615852124091
2018-07-05,0.8708339000857566
2018-07-06,0.8775633463736694
2018-07-09,0.8807680259317633
2018-07-10,0.8808874571495627
2018-07-11,0.8668233119147479
2018-07-12,0.8771474016883638
2018-07-13,0.8747350102738978
2018-07-16,0.8695361609434186
2018-07-17,0.8591206128197608
2018-07-18,0.8570699089108705
2018-07-19,0.8547088013170183
2018-07-20,0.8499186642973882
2018-07-23,0.8357231437911228
2018-07-24,0.8418742855952688
2018-07-25,0.8516594254847846
2018-07-26,0.8399429291210759
2018-07-27,0.8365972042574819
2018-07-30,0.8281401232525971
2018-07-31,0.8386137412943686
2018-08-01,0.8237788729065592
2018-08-02,0.8239406848140435
2018-08-03,0.8339829636083571
2018-08-06,0.8322898481013947
2018-08-07,0.8327054380335325
2018-08-08,0.8353726231203603
2018-08-09,0.8390337709078698
2018-08-10,0.8384583806216541
2018-08-13,0.8194290263405607
2018-08-14,0.8233306725924523
2018-08-15,0.806270453526854
2018-08-16,0.8114550676138754
2018-08-17,0.8231536517794177
2018-08-20,0.8341581564307974
2018-08-21,0.8358178229862895
2018-08-22,0.8400864044070707
2018-08-23,0.8310538145167133
2018-08-24,0.8531598596420823
2018-08-27,0.8583755348128366
2018-08-28,0.846093312888987
2018-08-29,0.8548289539964392
2018-08-30,0.8487827894288917
2018-08-31,0.8452126834050527
2018-09-04,0.8340558823809966
2018-09-05,0.8310705068720685
2018-09-06,0.8323515685232056
2018-09-07,0.8204619685324592
2018-09-10,0.824073853086162
2018-09-11,0.8200905897063053
2018-09-12,0.8276101735560387
2018-09-13,0.8310039645426499
2018-09-14,0.8216184255557768
2018-09-17,0.8199542957844648
2018-09-18,0.8138934089909702
2018-09-19,0.8117043194771607
2018-09-20,0.8245262083734758
2018-09-21,0.81785441587209
2018-09-24,0.8119169351264921
2018-09-25,0.8106707978744105
2018-09-26,0.8098135612599178
2018-09-27,0.8060466922381705
2018-09-28,0.8081635739637696
2018-10-01,0.803902451775515
2018-10-02,0.8162268840193495
2018-10-03,0.7992142324766277
2018-10-04,0.7866522701527668
2018-10-05,0.7765114304872512
2018-10-08,0.7664227874312372
2018-10-09,0.7734442771047192
2018-10-10,0.7454199927620374
2018-10-11,0.7525793310352441
2018-10-12,0.7584224665357818
2018-10-15,0.7575136747611257
2018-10-16,0.776602933399134
2018-10-17,0.7718339562539271
2018-10-18,0.7597284073420186
2018-10-19,0.7579440050196606
2018-10-22,0.7513464657471536
2018-10-23,0.7531795317877136
2018-10-24,0.7349392620222227
2018-10-25,0.7450121737838938
2018-10-26,0.7369303959125831
2018-10-29,0.7320561704994715
2018-10-30,0.7315019152626467
2018-10-31,0.7292936452762032
2018-11-01,0.7365500950695116
2018-11-02,0.728470634659513
2018-11-05,0.7300635425259552
2018-11-06,0.7296763084215683
2018-11-07,0.7353675272181894
2018-11-08,0.7331913671341769
2018-11-09,0.7288756703661042
2018-11-12,0.7231782457240661
2018-11-13,0.7216992850406594
2018-11-14,0.7222755378813592
2018-11-15,0.7245449586603481
2018-11-16,0.7297255630566805
2018-11-19,0.7256153938097835
2018-11-20,0.7198377314597914
2018-11-21,0.7203972818751042
2018-11-23,0.7179330309159917
2018-11-26,0.7201285923369752
2018-11-27,0.7185804014289412
2018-11-28,0.7228385061076462
2018-11-29,0.7250740244277791
2018-11-30,0.727121787126216
2018-12-03,0.736138842505675
2018-12-04,0.7385002723429933
2018-12-06,0.7393412191138308
2018-12-07,0.7378866614469274
2018-12-10,0.7384472531697771
2018-12-11,0.7376123730133708
2018-12-12,0.7373258125923464
2018-12-13,0.734933581658923
2018-12-14,0.7302684067648275
2018-12-17,0.7309564305038533
2018-12-18,0.7340871222161485
2018-12-19,0.7337771426577434
2018-12-20,0.7344892589355028
2018-12-21,0.7275569462511156
2018-12-24,0.7279682751206589
2018-12-26,0.7331549099628033
2018-12-27,0.7378546721374288
2018-12-28,0.7427833776111716
2018-12-31,0.750752563288478
2019-01-02,0.7564543234858718
2019-01-03,0.7664557754406947
2019-01-04,0.7601386476713234
2019-01-07,0.7632428616624121
2019-01-08,0.7614395322386818
2019-01-09,0.7674374314928473
2019-01-10,0.7566636020822568
2019-01-11,0.7618511079678923
2019-01-14,0.7578663633661413
2019-01-15,0.7568023084167679
2019-01-16,0.7613589491474949
2019-01-17,0.7629566429055867
2019-01-18,0.7542740866249232
2019-01-22,0.7586352513277498
2019-01-23,0.7574147136355941
2019-01-24,0.7621380818641715
2019-01-25,0.774188867771771
2019-01-28,0.77329580870262
2019-01-29,0.7827650472003014
2019-01-30,0.7934518296815943
2019-01-31,0.8059395077241895
2019-02-01,0.7978207585653619
2019-02-04,0.7915805424779891
2019-02-05,0.8002753653177075
2019-02-06,0.793508546316966
2019-02-07,0.7989542767089487
2019-02-08,0.8074965235508434
2019-02-11,0.7986685566494552
2019-02-12,0.8029914940415673
2019-02-13,0.7963389506669418
2019-02-14,0.8067783181896441
2019-02-15,0.8184992055505609
2019-02-19,0.8372417030532041
2019-02-20,0.8331089790988164
2019-02-21,0.8103989940048751
2019-02-22,0.8225437194694599
2019-02-25,0.81883717912003
2019-02-26,0.825393711617332
2019-02-27,0.8059178594137886
2019-02-28,0.7960094317357886
2019-03-01,0.7720829722971626
2019-03-04,0.7754459888953353
2019-03-05,0.7778800623192197
2019-03-06,0.7777515622200024
2019-03-07,0.7794219750065846
2019-03-08,0.7925693481320378
2019-03-11,0.7912915479366198
2019-03-12,0.805379472671518
2019-03-13,0.812954644075077
2019-03-14,0.7939544191724786
2019-03-15,0.8068222898143885
2019-03-18,0.8082159168602479
2019-03-19,0.8085216360333041
2019-03-20,0.8237273386231608
2019-03-21,0.8270650505766868
2019-03-22,0.8362403881790793
2019-03-25,0.8449453077816862
2019-03-26,0.8425194165498735
2019-03-27,0.8442658008276346
2019-03-28,0.8353249944736411
2019-03-29,0.8379686118279062
2019-04-01,0.8245462381632443
2019-04-02,0.8290903545320039
2019-04-03,0.8201340093465164
2019-04-04,0.8260370480570028
2019-04-05,0.8289292004131109
2019-04-08,0.829231307814937
2019-04-09,0.8324687910440707
2019-04-10,0.8390697990332188
2019-04-11,0.8213856553838796
2019-04-12,0.8179017689037584
2019-04-15,0.8174566755910406
2019-04-16,0.8037866149850726
2019-04-17,0.8002278976301407
2019-04-18,0.8061770078546332
2019-04-22,0.8017321395776732
2019-04-23,0.8072027053619242
2019-04-24,0.814871694843246
2019-04-25,0.8131402101157287
2019-04-26,0.8243533891248493
2019-04-29,0.8149863110082595
2019-04-30,0.8219313327810587
2019-05-01,0.8142063502704195
2019-05-02,0.8049851776456707
2019-05-03,0.8194521704235329
2019-05-06,0.8188504759719546
2019-05-07,0.8133818236141495
2019-05-08,0.806226140000877
2019-05-09,0.8084700654140445
2019-05-10,0.8124860436667422
2019-05-13,0.8056210945154416
2019-05-14,0.8088358167952839
2019-05-15,0.8177921000192204
2019-05-16,0.8166054215667604
2019-05-17,0.8070110181593084
2019-05-20,0.7993181503364272
2019-05-21,0.8031157766480695
2019-05-22,0.8040264496936831
2019-05-23,0.8086888120475325
2019-05-24,0.8116170889769198
2019-05-28,0.8063361733826536
2019-05-29,0.8030667076410664
2019-05-30,0.8170847872096104
2019-05-31,0.8263460753855492
2019-06-03,0.8432354802589873
2019-06-04,0.8474608854140675
2019-06-05,0.8500803047275279
2019-06-06,0.8600541388834884
2019-06-07,0.8799027815961686
2019-06-10,0.8639787254846286
2019-06-11,0.8626729608192588
2019-06-12,0.8665227419781033
2019-06-13,0.8779442257734413
2019-06-14,0.8786642694413177
2019-06-17,0.8794101930840784
2019-06-18,0.8960074994910163
2019-06-19,0.9044441228974921
2019-06-20,0.9385890531003286
2019-06-21,0.9325633107239187
2019-06-24,0.9538294163739078
2019-06-25,0.9508301269208588
2019-06-26,0.9332288715600024
2019-06-27,0.9414240544895124
2019-06-28,0.946871328278045
2019-07-01,0.9306135151705819
2019-07-02,0.9595052728864842
2019-07-03,0.9753033224897302
2019-07-05,0.9481150539176375
2019-07-08,0.9389482012404226
2019-07-09,0.9421375352122756
2019-07-10,0.9532873754798181
2019-07-11,0.9318968924054253
2019-07-12,0.9417749270958338
2019-07-15,0.9480582522170146
2019-07-16,0.9340081802541242
2019-07-17,0.9545917113322963
2019-07-18,0.9698603073394199
2019-07-19,0.9485623527746999
2019-07-22,0.952103399494534
2019-07-23,0.946188612995406
2019-07-24,0.9589778702015228
2019-07-25,0.9426675912735463
2019-07-26,0.9517510849120857
2019-07-29,0.9560688313706087
2019-07-30,0.9593461083009553
2019-07-31,0.9472302942145989
2019-08-01,0.9811981129814458
2019-08-02,0.9817427149994051
2019-08-05,0.9857588597753407
2019-08-06,1.0148258291243148
2019-08-07,1.028581215917623
2019-08-08,1.0543665367376358
2019-08-09,1.0417744347783346
2019-08-12,1.0643380405793401
2019-08-13,1.0698531743629203
2019-08-14,1.0750566062227924
2019-08-15,1.0979395009812567
2019-08-16,1.096304289050089
2019-08-19,1.0786118367363162
2019-08-20,1.0911150121267394
2019-08-21,1.0874428823404956
2019-08-22,1.075730738499362
2019-08-23,1.0885793445950593
2019-08-26,1.0944170607343242
2019-08-27,1.119316709664469
2019-08-28,1.1254942431350492
2019-08-29,1.126735438985648
2019-08-30,1.1249549529166862
2019-09-03,1.1297050101481407
2019-09-04,1.1396688157891053
2019-09-05,1.121821271820857
2019-09-06,1.121809257903303
2019-09-09,1.108659880326873
2019-09-10,1.0929000574133116
2019-09-11,1.0982731132203305
2019-09-12,1.0967888558463132
2019-09-13,1.0787820727820039
2019-09-16,1.0887797484757264
2019-09-17,1.0940467549826163
2019-09-18,1.0933529724021263
2019-09-19,1.0969014909162587
2019-09-20,1.108304406687933
2019-09-23,1.11063662983788
2019-09-24,1.1164071365996222
2019-09-25,1.1003109641608528
2019-09-26,1.1026819545037254
2019-09-27,1.0983679156131874
2019-09-30,1.0938762786387592
2019-10-01,1.089560623210553
2019-10-02,1.0850318567929214
2019-10-03,1.1083299684077415
2019-10-04,1.1311840873270445
2019-10-07,1.1068986987807623
2019-10-08,1.1017322959503932
2019-10-09,1.1067037096728838
2019-10-10,1.0878384055399142
2019-10-11,1.0794318545135186
2019-10-14,1.0898990057917046
2019-10-15,1.0797215756972642
2019-10-16,1.0850324069222723
2019-10-17,1.0867733889700988
2019-10-18,1.0804015677882561
2019-10-21,1.0741775574813106
2019-10-22,1.079606005432573
2019-10-23,1.0859788312354635
2019-10-24,1.092895367980151
2019-10-25,1.0942365108018766
2019-10-28,1.0807820032597073
2019-10-29,1.077765634570617
2019-10-30,1.101971729908976
2019-10-31,1.124928720043473
2019-11-01,1.132419133463234
2019-11-04,1.1187776756085792
2019-11-05,1.085495174982415
2019-11-06,1.0966970772318727
2019-11-07,1.0626114483085807
2019-11-08,1.0531441897341498
2019-11-11,1.0487673949654035
2019-11-12,1.058205419656115
2019-11-13,1.069324881183005
2019-11-14,1.0858353460612704
2019-11-15,1.088898447182435
2019-11-18,1.0947303237281265
2019-11-19,1.1032965968001989
2019-11-20,1.1103988239182943
2019-11-21,1.0950983696767504
2019-11-22,1.0961517561831455
2019-11-25,1.1012175281052448
2019-11-26,1.1151506710939143
2019-11-27,1.1100184453331086
2019-11-29,1.1088406827414774
2019-12-02,1.0839599552697885
2019-12-03,1.1024747590286028
2019-12-04,1.0995809254652642
2019-12-05,1.0973994290239417
2019-12-06,1.0932769537620846
2019-12-09,1.089735995319446
2019-12-10,1.0903960850788437
2019-12-11,1.1074470179042024
2019-12-12,1.0997824954733253
2019-12-13,1.1146585733253538
2019-12-16,1.114980007383216
2019-12-17,1.1128703887770148
2019-12-18,1.1047627535421845
2019-12-19,1.113577592271446
2019-12-20,1.1208840971875744
2019-12-23,1.1240802426998544
2019-12-24,1.1360664910698002
2019-12-26,1.1533975619061998
2019-12-27,1.1526913769227405
2019-12-30,1.142930972526661
2019-12-31,1.139807081098629
2020-01-02,1.1706518809295359
2020-01-03,1.189897025222507
2020-01-06,1.2031922077545092
2020-01-07,1.1994592402290927
2020-01-08,1.1911077265581826
2020-01-09,1.1962329944929613
2020-01-10,1.207457442949156
2020-01-13,1.2045981901629754
2020-01-14,1.20554654660479
2020-01-15,1.2219011397032615
2020-01-16,1.2286243332731177
2020-01-17,1.227341214131991
2020-01-21,1.2352021919722809
2020-01-22,1.2386994440981762
2020-01-23,1.2494675056520828
2020-01-24,1.2513084547402804
2020-01-27,1.2508869793978712
2020-01-28,1.2467507243591098
2020-01-29,1.2614935530800966
2020-01-30,1.266173610646235
2020-01-31,1.2542331018123858
2020-02-03,1.2561689489683319
2020-02-04,1.249786112512428
2020-02-05,1.258760577400589
2020-02-06,1.275053073924777
2020-02-07,1.2818896067661598
2020-02-10,1.2994628251134464
2020-02-11,1.2925592089843279
2020-02-12,1.2966344493986235
2020-02-13,1.3061943809208056
2020-02-14,1.3185210360817663
2020-02-18,1.3385715222778123
2020-02-19,1.3543134929205325
2020-02-20,1.3609934377444324
2020-02-21,1.3745359064580778
2020-02-24,1.346920530234842
2020-02-25,1.2771867809515731
2020-02-26,1.2721839049115176
2020-02-27,1.2129131751838267
2020-02-28,1.1804545805600226
2020-03-02,1.2429874511142378
2020-03-03,1.2605793336966185
2020-03-04,1.2727869636193954
2020-03-05,1.2879654522522104
2020-03-06,1.3150807449644764
2020-03-09,1.2949680234866356
2020-03-10,1.2664894784323153
2020-03-11,1.2130434463107898
2020-03-12,1.1436842399492249
2020-03-13,1.1450254934548627
2020-03-16,1.1289928888958751
2020-03-17,1.1179229539593314
2020-03-18,1.0474608856597318
2020-03-19,1.0511235728931494
2020-03-20,1.0847817444676637
2020-03-23,1.1245887525515255
2020-03-24,1.181341977800313
2020-03-25,1.1756295630755813
2020-03-26,1.2117799242672704
2020-03-27,1.2095923398743957
2020-03-30,1.2203312738080723
2020-03-31,1.1840087483491941
2020-04-01,1.180835612975574
2020-04-02,1.2316052659895227
2020-04-03,1.230650612513389
2020-04-06,1.327177318594265
2020-04-07,1.3036109405177354
2020-04-08,1.3047600276907154
2020-04-09,1.36670834420887
2020-04-13,1.3789055561600492
2020-04-14,1.4185196002926297
2020-04-15,1.423681050017775
2020-04-16,1.440434645823956
2020-04-17,1.4059014632000133
2020-04-20,1.4139227814968192
2020-04-21,1.3887646862899778
2020-04-22,1.4322663867566718
2020-04-23,1.458370359184414
2020-04-24,1.4644008993226794
2020-04-27,1.4368294592282518
2020-04-28,1.4380646607959089
2020-04-29,1.4648445577423097
2020-04-30,1.4011084291535736
2020-05-01,1.4016731011811576
2020-05-04,1.404133914804565
2020-05-05,1.4113329344352676
2020-05-06,1.3574570046291765
2020-05-07,1.4188365481122378
2020-05-08,1.403155634593495
2020-05-11,1.380164346634069
2020-05-12,1.3843277886830463
2020-05-13,1.3969208936174968
2020-05-14,1.4378351580718989
2020-05-15,1.4493059042407688
2020-05-18,1.4298502870200536
2020-05-19,1.4448963948788718
2020-05-20,1.4690466179331783
2020-05-21,1.4365593077846635
2020-05-22,1.4584078733998604
2020-05-26,1.4213091920108558
2020-05-27,1.4352479980334025
2020-05-28,1.4348022617937024
2020-05-29,1.4633745115589447
2020-06-01,1.4663878912066626
2020-06-02,1.4606703503748413
2020-06-03,1.4380728019611118
2020-06-04,1.4375350315934492
2020-06-05,1.42317316945008
2020-06-08,1.4419088261103403
2020-06-09,1.4561010321644983
2020-06-10,1.478546631888286
2020-06-11,1.4576378491622857
2020-06-12,1.4576304945109806
2020-06-15,1.4602110964881418
2020-06-16,1.4575481133722172
2020-06-17,1.460337403021483
2020-06-18,1.4656701839683737
2020-06-19,1.4749462682817707
2020-06-22,1.484566786796271
2020-06-23,1.490545557788473
2020-06-24,1.4824859602612304
2020-06-25,1.4886428966803573
2020-06-26,1.4898072500379616
2020-06-29,1.494754700694703
2020-06-30,1.5017683712486698
2020-07-01,1.4960247298086689
2020-07-02,1.505780413995719
2020-07-06,1.522863677714046
2020-07-07,1.5480920554547661
2020-07-08,1.5584626851047438
2020-07-09,1.5758967895485507
2020-07-10,1.5708726717193164
2020-07-13,1.5692741652589213
2020-07-14,1.5923963197155102
2020-07-15,1.5934287022871652
2020-07-16,1.5800672424752928
2020-07-17,1.5931141167646872
2020-07-20,1.6137877925644628
2020-07-21,1.638660753788053
2020-07-22,1.6783716928432357
2020-07-23,1.7046610610712132
2020-07-24,1.7132459919802954
2020-07-27,1.7521013178595077
2020-07-28,1.7750031444332752
2020-07-29,1.7997319891482904
2020-07-30,1.7925646350043771
2020-07-31,1.806110139745385
2020-08-03,1.8063250029502225
2020-08-04,1.8404744863740614
2020-08-05,1.8451653906085659
2020-08-06,1.8692249758461015
2020-08-07,1.8449876408695243
2020-08-10,1.8382156747749097
2020-08-11,1.7625137895026566
2020-08-12,1.7571705940840956
2020-08-13,1.7694143676760277
2020-08-14,1.7607249736466168
2020-08-17,1.7871170108307184
2020-08-18,1.804630284586676
2020-08-19,1.7619582608109077
2020-08-20,1.7795252159547426
2020-08-21,1.779001179364824
2020-08-24,1.7775628886521029
2020-08-25,1.773067115051151
2020-08-26,1.787485301148036
2020-08-27,1.759454000044884
2020-08-28,1.7802653267734496
2020-08-31,1.785174235748644
2020-09-01,1.8047624136748623
2020-09-02,1.8154401716615323
2020-09-03,1.7842363719646894
2020-09-04,1.7557809333254062
2020-09-08,1.739219709990795
2020-09-09,1.755851645275153
2020-09-10,1.7445484541904148
2020-09-11,1.7454615711897115
2020-09-14,1.7589884686054413
2020-09-15,1.756298513590462
2020-09-16,1.7500393809792194
2020-09-17,1.7411600780603929
2020-09-18,1.7281335465160268
2020-09-21,1.7095017976402478
2020-09-22,1.7107314602416752
2020-09-23,1.678219097273675
2020-09-24,1.6851421596409226
2020-09-25,1.6929139031940281
2020-09-28,1.7069133932653338
2020-09-29,1.7083862568853014
2020-09-30,1.6893992698429117
2020-10-01,1.7135426250795565
2020-10-02,1.6886801387850798
2020-10-05,1.6757217604983248
2020-10-06,1.6518479233257994
2020-10-07,1.659905517474906
2020-10-08,1.6891746705323556
2020-10-09,1.7243852899563774
2020-10-12,1.7524476544347956
2020-10-13,1.7385760829438528
2020-10-14,1.7377966684243877
2020-10-15,1.7359706767098184
2020-10-16,1.7234831215549953
2020-10-19,1.6914000379218554
2020-10-20,1.6809275584522754
2020-10-21,1.6790338932107698
2020-10-22,1.650659362751241
2020-10-23,1.667707597871006
2020-10-26,1.6604546447955015
2020-10-27,1.6733943009909513
2020-10-28,1.6041867138836683
2020-10-29,1.5968100502570968
2020-10-30,1.5815222139987068
2020-11-02,1.602638641071116
2020-11-03,1.610732630912589
2020-11-04,1.648960319082821
2020-11-05,1.6785239894315667
2020-11-06,1.664668039948999
2020-11-09,1.6189990131500358
2020-11-10,1.613201320210637
2020-11-11,1.6189322795120569
2020-11-12,1.6353494685481067
2020-11-13,1.6469586076560152
2020-11-16,1.652018919906603
2020-11-17,1.6531534779055388
2020-11-18,1.6442988489774255
2020-11-19,1.651368725113198
2020-11-20,1.6586089137545006
2020-11-23,1.6439348560181124
2020-11-24,1.6327644733569677
2020-11-25,1.6274958003357554
2020-11-27,1.6334250906869079
2020-11-30,1.61377315729036
2020-12-01,1.6290588777613877
2020-12-02,1.6262147272572354
2020-12-03,1.6541176485372313
2020-12-04,1.6284063669907447
2020-12-07,1.6673631013885908
2020-12-08,1.6857446874064637
2020-12-09,1.6381292314796367
2020-12-10,1.6521513063367073
2020-12-11,1.6601591574639296
2020-12-14,1.6388055135613238
2020-12-15,1.669916710409932
2020-12-16,1.674259874823779
2020-12-17,1.6918919462944726
2020-12-18,1.6765649476679434
2020-12-21,1.674321697103819
2020-12-22,1.6692551889627
2020-12-23,1.6655849558042477
2020-12-24,1.6843356059174592
2020-12-28,1.6891698696145308
2020-12-29,1.6890395688688031
2020-12-30,1.6972557630269778
2020-12-31,1.7046252156916126
2021-01-04,1.7090873351253222
2021-01-05,1.7084756326300665
2021-01-06,1.6791376825172886
2021-01-07,1.6792908535734719
2021-01-08,1.6534629460381847
2021-01-11,1.6443589835395402
2021-01-12,1.6477111946975056
2021-01-13,1.6564662446038227
2021-01-14,1.6434418898010852
2021-01-15,1.6315515886246441
2021-01-19,1.6459380516726014
2021-01-20,1.6686876041030985
2021-01-21,1.6611674738903457
2021-01-22,1.6547422667571199
2021-01-25,1.6688893222326822
2021-01-26,1.6630668752981637
2021-01-27,1.6411120042126046
2021-01-28,1.6421181630203674
2021-01-29,1.6200111449915542
2021-02-01,1.6617031756199954
2021-02-02,1.6564435296883016
2021-02-03,1.6381384022842689
2021-02-04,1.623005893944632
2021-02-05,1.62626287525384
2021-02-08,1.6593661013277015
2021-02-09,1.663492831190965
2021-02-10,1.6799732962039626
2021-02-11,1.6596762075482951
2021-02-12,1.6395337018293081
2021-02-16,1.5894472874192487
2021-02-17,1.5863446413189701
2021-02-18,1.5713444928442395
2021-02-19,1.5490203849631041
2021-02-22,1.5414035083288071
2021-02-23,1.534769448747498
2021-02-24,1.539067546192791
2021-02-25,1.4477562491398406
2021-02-26,1.466704583402871
2021-03-01,1.478213389070863
2021-03-02,1.472518746592
2021-03-03,1.4463100393522672
2021-03-04,1.4254392081417564
2021-03-05,1.440507532551896
2021-03-08,1.4238151243216877
2021-03-09,1.4580559700256386
2021-03-10,1.4672674744106056
2021-03-11,1.4682525965140907
2021-03-12,1.4518225327559497
2021-03-15,1.4634219458374125
2021-03-16,1.4595395298844058
2021-03-17,1.4604094427123027
2021-03-18,1.437364237239318
2021-03-19,1.4431929268630792
2021-03-22,1.456686246937632
2021-03-23,1.4529674327480249
2021-03-24,1.4553362022682328
2021-03-25,1.4506303895453236
2021-03-26,1.4613674913014771
2021-03-29,1.4462391451435814
2021-03-30,1.4371960872195462
2021-03-31,1.4451006441038994
2021-04-01,1.502996699331582
2021-04-05,1.5164931828044579
2021-04-06,1.5377783422039881
2021-04-07,1.5237122962929008
2021-04-08,1.5594459328427126
2021-04-09,1.553126545804893
2021-04-12,1.5436630519430787
2021-04-13,1.570515003288821
2021-04-14,1.5530824985160014
2021-04-15,1.6206657256728023
2021-04-16,1.6216319957160186
2021-04-19,1.604192871772031
2021-04-20,1.6054990534924056
2021-04-21,1.63870666173646
2021-04-22,1.6210321049627379
2021-04-23,1.628088292468621
2021-04-26,1.6327136146504633
2021-04-27,1.612986827398765
2021-04-28,1.6177971226714736
2021-04-29,1.6161920778838135
2021-04-30,1.6041246780133709
2021-05-03,1.6285302008663518
2021-05-04,1.6167140897462107
2021-05-05,1.6259335434354965
2021-05-06,1.6681451165555032
2021-05-07,1.6870269624273102
2021-05-10,1.6573222299221217
2021-05-11,1.6324650647146586
2021-05-12,1.5630675849817202
2021-05-13,1.59098429865131
2021-05-14,1.6448610514037076
2021-05-17,1.655260227876332
2021-05-18,1.6388378066661091
2021-05-19,1.631109043513839
2021-05-20,1.669459770860563
2021-05-21,1.6735418432157336
2021-05-24,1.6999369297643028
2021-05-25,1.7259053048756037
2021-05-26,1.7232155052303075
2021-05-27,1.7175976514076405
2021-05-28,1.7240074199164743
2021-06-01,1.7170581856759415
2021-06-02,1.731725802547835
2021-06-03,1.6847473355135598
2021-06-04,1.7412213279639566
2021-06-07,1.7405670686803705
2021-06-08,1.7478064475109978
2021-06-09,1.7574429339241247
2021-06-10,1.7833783360677329
2021-06-11,1.7630039021119104
2021-06-14,1.7423031965922227
2021-06-15,1.7300937987966138
2021-06-16,1.6897753650604839
2021-06-17,1.6634539794612968
2021-06-18,1.6642273212480396
2021-06-21,1.678623403489245
2021-06-22,1.6842715918781925
2021-06-23,1.6763241981232877
2021-06-24,1.687415161417
2021-06-25,1.6803674990945465
2021-06-28,1.7010071799656754
2021-06-29,1.686740256402577
2021-06-30,1.7035982525786688
2021-07-01,1.7182440098477285
2021-07-02,1.7524289477301866
2021-07-06,1.7776225257052216
2021-07-07,1.8062221212339349
2021-07-08,1.7962019173673995
2021-07-09,1.7945017368961411
2021-07-12,1.796301911566532
2021-07-13,1.7765033477351586
2021-07-14,1.8166175459239982
2021-07-15,1.830750857034736
2021-07-16,1.795554444318898
2021-07-19,1.8099429020963138
2021-07-20,1.8165503462684418
2021-07-21,1.8013894231273084
2021-07-22,1.8258263478777235
2021-07-23,1.8273663759076546
2021-07-26,1.821969173388756
2021-07-27,1.8355736238506122
2021-07-28,1.8422228639293248
2021-07-29,1.8566443798009458
2021-07-30,1.8427831799490477
2021-08-02,1.8515116694161222
2021-08-03,1.866681653228954
2021-08-04,1.8603211623977893
2021-08-05,1.856090089997016
2021-08-06,1.7839601472493856
2021-08-09,1.7448829518514863
2021-08-10,1.7394480473050133
2021-08-11,1.7658212672696287
2021-08-12,1.768550011335595
2021-08-13,1.822768603573696
2021-08-16,1.8398287542460618
2021-08-17,1.8229105263856988
2021-08-18,1.8081712505549807
2021-08-19,1.818123611708557
2021-08-20,1.835114545065578
2021-08-23,1.872378848586419
2021-08-24,1.8601555615776924
2021-08-25,1.8363800085633646
2021-08-26,1.831045240699402
2021-08-27,1.886663443628274
2021-08-30,1.8905484971936815
2021-08-31,1.8779747653996481
2021-09-01,1.8811521766792094
2021-09-02,1.890280154457324
2021-09-03,1.8911164301299248
2021-09-07,1.8351389281893478
2021-09-08,1.8385744852569907
2021-09-09,1.8549365272943195
2021-09-10,1.8131653715281715
2021-09-13,1.8330927610912013
2021-09-14,1.8501600216423406
2021-09-15,1.85294341534413
2021-09-16,1.8040463137556046
2021-09-17,1.7712509765111561
2021-09-20,1.7646852724410689
2021-09-21,1.7706890727827491
2021-09-22,1.7946873704546715
2021-09-23,1.766258218133259
2021-09-24,1.7515430129816485
2021-09-27,1.741928566126976
2021-09-28,1.6587728426144062
2021-09-29,1.657387506203319
2021-09-30,1.6626324447767322
2021-10-01,1.7006447227069175
2021-10-04,1.6791446317333105
2021-10-05,1.6760403519487619
2021-10-06,1.696232776632087
2021-10-07,1.6874942932715102
2021-10-08,1.6734734400842262
2021-10-11,1.652366021537613
2021-10-12,1.6800288274764323
2021-10-13,1.7300069723006966
2021-10-14,1.7721499397092444
2021-10-15,1.7501752661865724
2021-10-18,1.7586653538552028
2021-10-19,1.7568902921941911
2021-10-20,1.7682546513676956
2021-10-21,1.7694255961539278
2021-10-22,1.7948870134983514
2021-10-25,1.8146743627163329
2021-10-26,1.8165032814356454
2021-10-27,1.8413592384751574
2021-10-28,1.8547139636341057
2021-10-29,1.8496201557924163
2021-11-01,1.8490217259981259
2021-11-02,1.861357298681011
2021-11-03,1.8413135654807502
2021-11-04,1.8884233132368007
2021-11-05,1.9450934499834216
2021-11-08,1.9495596134495987
2021-11-09,1.9750230357516958
2021-11-10,1.9419006291681722
2021-11-11,1.9494986526003906
2021-11-12,1.960977581470641
2021-11-15,1.9350982848425697
2021-11-16,1.9258953017020988
2021-11-17,1.9510051104428114
2021-11-18,1.9594382375635138
2021-11-19,1.9612131777579798
2021-11-22,1.8924030752873728
2021-11-23,1.8537735389255972
2021-11-24,1.8858762131957978
2021-11-26,1.8808631936414284
2021-11-29,1.8897616011992693
2021-11-30,1.8742055701513587
2021-12-01,1.8706091015204562
2021-12-02,1.8818271357793066
2021-12-03,1.889640590713368
2021-12-06,1.8881656449908935
2021-12-07,1.9064371600236452
2021-12-08,1.8951108907971579
2021-12-09,1.8858890117969949
2021-12-10,1.8973761777487217
2021-12-13,1.9016877496916407
2021-12-14,1.882689720439847
2021-12-15,1.895019970344829
2021-12-16,1.896995136955186
2021-12-17,1.892096171997657
2021-12-20,1.8700053713979767
2021-12-21,1.884642590580964
2021-12-22,1.9073861418897877
2021-12-23,1.9085659173304856
2021-12-27,1.927417278957873
2021-12-28,1.9183906818295793
2021-12-29,1.9099020726705078
2021-12-30,1.9334379469559095
2021-12-31,1.9465243213343721
2022-01-03,1.8781207970575415
2022-01-04,1.8863983425093105
2022-01-05,1.8347709883415848
2022-01-06,1.8094273099348526
2022-01-07,1.8003765476210236
2022-01-10,1.8074496843106622
2022-01-11,1.8585212576391714
2022-01-12,1.8623025749423439
2022-01-13,1.8426458903288891
2022-01-14,1.8127809208413572
2022-01-18,1.7555955306710849
2022-01-19,1.7801791410732437
2022-01-20,1.7639456091236343
2022-01-21,1.7400168276446422
2022-01-24,1.7456743174889855
2022-01-25,1.7282371689488951
2022-01-26,1.672413763440113
2022-01-27,1.6635976028079087
2022-01-28,1.6975917748448954
2022-01-31,1.7294694194273554
2022-02-01,1.7364118085355082
2022-02-02,1.764173278092599
2022-02-03,1.7109722536096401
2022-02-04,1.6989161291212205
2022-02-07,1.7098076181325421
2022-02-08,1.7184975000723515
2022-02-09,1.7509066070138857
2022-02-10,1.6894174095866379
2022-02-11,1.7198424707751496
2022-02-14,1.7066876271516869
2022-02-15,1.694636633858086
2022-02-16,1.7259572758049775
2022-02-17,1.7319770364323053
2022-02-18,1.7359317836398382
2022-02-22,1.7270136889993235
2022-02-23,1.6873010113483113
2022-02-24,1.6978054616283367
2022-02-25,1.725720479168268
2022-02-28,1.7763060428713071
2022-03-01,1.808515054535178
2022-03-02,1.750711796567026
2022-03-03,1.7734449308459879
2022-03-04,1.8264910117338
2022-03-07,1.80470882410788
2022-03-08,1.8382584637578694
2022-03-09,1.7896916707235497
2022-03-10,1.7650795617499127
2022-03-11,1.7368616125467984
2022-03-14,1.6543477178869552
2022-03-15,1.6401793799329538
2022-03-16,1.6962264943351621
2022-03-17,1.7104271547255476
2022-03-18,1.7253531040497956
2022-03-21,1.7026226564556721
2022-03-22,1.6809637651667482
2022-03-23,1.7276894201138253
2022-03-24,1.750150886083668
2022-03-25,1.723782628841734
2022-03-28,1.7071280405237554
2022-03-29,1.736200917400871
2022-03-30,1.7577334582140691
2022-03-31,1.7388137467792417
2022-04-01,1.7364477132315357
2022-04-04,1.7459364619481375
2022-04-05,1.6741727258701615
2022-04-06,1.6499076857234423
2022-04-07,1.6509634497553443
2022-04-08,1.6402351949240297
2022-04-11,1.5985660710105145
2022-04-12,1.6045141277099297
2022-04-13,1.631658551097993
2022-04-14,1.57450310279304
2022-04-18,1.5720762533901116
2022-04-19,1.5544736485818718
2022-04-20,1.5929467535880935
2022-04-21,1.5535266386023097
2022-04-22,1.4892656570958684
2022-04-25,1.4807165658554837
2022-04-26,1.4607841804996833
2022-04-27,1.4323546052773537
2022-04-28,1.4738025025155095
2022-04-29,1.4069332196731297
2022-05-02,1.3824394728777805
2022-05-03,1.3916097647918282
2022-05-04,1.420527773090505
2022-05-05,1.3771120008396385
2022-05-06,1.3647472416847193
2022-05-09,1.3410377943014344
2022-05-10,1.3414180184773632
2022-05-11,1.3519704665131242
2022-05-12,1.3375883759104403
2022-05-13,1.3340110631019935
2022-05-16,1.3384533743978606
2022-05-17,1.3363209192995607
2022-05-18,1.3288876175708573
2022-05-19,1.3385495051859864
2022-05-20,1.3467074399936505
2022-05-23,1.3493455237762852
2022-05-24,1.3642739590710244
2022-05-25,1.366742479525292
2022-05-26,1.3729996911014644
2022-05-27,1.388547346513384
2022-05-31,1.36229323610051
2022-06-01,1.362497310108088
2022-06-02,1.3825678614127037
2022-06-03,1.363627078227532
2022-06-06,1.3483306727817461
2022-06-07,1.3656831901384048
2022-06-08,1.3529326218120383
2022-06-09,1.3403289407076648
2022-06-10,1.3325582292491935
2022-06-13,1.2703916256283396
2022-06-14,1.2542215096997216
2022-06-15,1.282629538991817
2022-06-16,1.2807495611613053
2022-06-17,1.2770467944695145
2022-06-21,1.2746871626610141
2022-06-22,1.2945364594416242
2022-06-23,1.29943214671186
2022-06-24,1.3044822116642834
2022-06-27,1.295775787565497
2022-06-28,1.2874236476960204
2022-06-29,1.2963587209192953
2022-06-30,1.2930693949821888
2022-07-01,1.3023365365563409
2022-07-05,1.2877717180329173
2022-07-06,1.2641695493643696
2022-07-07,1.265150407152882
2022-07-08,1.2580300879868795
2022-07-11,1.2578834361717945
2022-07-12,1.2536853188935968
2022-07-13,1.2617137768817328
2022-07-14,1.2427881067521747
2022-07-15,1.2515255527023716
2022-07-18,1.2422145627990984
2022-07-19,1.2517222658118246
2022-07-20,1.2469597933469043
2022-07-21,1.272892632068826
2022-07-22,1.2804355672631345
2022-07-25,1.2720075416535284
2022-07-26,1.265714781441696
2022-07-27,1.2817726622492014
2022-07-28,1.302169412859832
2022-07-29,1.3087430272190326
2022-08-01,1.3265818967917122
2022-08-02,1.3050296502522856
2022-08-03,1.3236909485852928
2022-08-04,1.338088056936439
2022-08-05,1.31214885988301
2022-08-08,1.3288222729575487
2022-08-09,1.3272291102147737
2022-08-10,1.3306184345994907
2022-08-11,1.3138066152780015
2022-08-12,1.3359200272052536
2022-08-15,1.3253267957234298
2022-08-16,1.3270093933003229
2022-08-17,1.3112598322474498
2022-08-18,1.3109704072104478
2022-08-19,1.288304572182474
2022-08-22,1.2708146675886
2022-08-23,1.272484655496124
2022-08-24,1.2720753320964215
2022-08-25,1.289065906850789
2022-08-26,1.2671960343036606
2022-08-29,1.2598162679098772
2022-08-30,1.2489859804853312
2022-08-31,1.217878263691456
2022-09-01,1.1863142219795473
2022-09-02,1.1965798911877021
2022-09-06,1.1571307838395004
2022-09-07,1.204916818024222
2022-09-08,1.1899698848592624
2022-09-09,1.2146823851749453
2022-09-12,1.2238351706463948
2022-09-13,1.1640637550991537
2022-09-14,1.1647661719848885
2022-09-15,1.1244800863880564
2022-09-16,1.117784951925751
2022-09-19,1.1276769321764322
2022-09-20,1.0989139985756875
2022-09-21,1.1073237575741395
2022-09-22,1.0739838505726833
2022-09-23,1.038958869795844
2022-09-26,0.9969752328381076
2022-09-27,0.9742423853868313
2022-09-28,1.0449931563704526
2022-09-29,1.023046077945567
2022-09-30,1.0109628077971329
2022-10-03,1.044929810164259
2022-10-04,1.066679545505611
2022-10-05,1.0572322866503885
2022-10-06,1.0493918330198442
2022-10-07,1.0253790573402408
2022-10-10,1.0048374983068926
2022-10-11,1.0026263196361682
2022-10-12,1.0068457417890062
2022-10-13,1.0086573382427058
2022-10-14,0.9872638231555472
2022-10-17,0.9972349000824959
2022-10-18,1.0042593435868103
2022-10-19,0.9844475355104093
2022-10-20,0.9727958242527257
2022-10-21,0.9864239880625973
2022-10-24,0.9855497838701832
2022-10-25,1.005443682263093
2022-10-26,1.0126935980108707
2022-10-27,1.0138146951025082
2022-10-28,1.0134924240106633
2022-10-31,1.0016991008099323
2022-11-01,1.0108437760055533
2022-11-02,0.9942857581732981
2022-11-03,0.9851976202855064
2022-11-04,1.0026983796838072
2022-11-07,0.9989062635099131
2022-11-08,1.0209648173220474
2022-11-09,1.0108863197742413
2022-11-10,1.0699935345355442
2022-11-11,1.0765529060244072
2022-11-14,1.073157938874895
2022-11-15,1.0868748685815788
2022-11-16,1.0927547476227268
2022-11-17,1.0806958697446714
2022-11-18,1.073991964106416
2022-11-21,1.0703852519693013
2022-11-22,1.0834443995330796
2022-11-23,1.0989407223172125
2022-11-25,1.0975066019515551
2022-11-28,1.0862902148006237
2022-11-29,1.0830126459945215
2022-11-30,1.1347657098168182
2022-12-01,1.1946096070852266
2022-12-02,1.202517565452688
2022-12-05,1.1431806390925257
2022-12-06,1.1478426391376075
2022-12-07,1.1849029181634625
2022-12-08,1.190132357145116
2022-12-09,1.158318428929411
2022-12-12,1.1629695708106387
2022-12-13,1.2052097174365901
2022-12-14,1.2000935815108005
2022-12-15,1.1565262646053822
2022-12-16,1.1455387374017814
2022-12-19,1.115050983072079
2022-12-20,1.1200354050509707
2022-12-21,1.1334834249076204
2022-12-22,1.1030989235460107
2022-12-23,1.0964811497440399
2022-12-27,1.0834842518811354
2022-12-28,1.0603208634508094
2022-12-29,1.0941927547718329
2022-12-30,1.0903064807958651
2023-01-03,1.1035631568653421
2023-01-04,1.1204237048114636
2023-01-05,1.1085329923027956
2023-01-06,1.1412913605689816
2023-01-09,1.145280123636639
2023-01-10,1.1422300465147184
2023-01-11,1.1563060576912085
2023-01-12,1.1767596463690075
2023-01-13,1.1820477769963325
2023-01-17,1.1726620327724777
2023-01-18,1.1759507676934575
2023-01-19,1.1802472111031033
2023-01-20,1.1779411030807272
2023-01-23,1.1824841616117194
2023-01-24,1.1923628753140731
2023-01-25,1.1971154778811364
2023-01-26,1.1931989146132442
2023-01-27,1.1917600576375054
2023-01-30,1.1814304720859323
2023-01-31,1.1955925790700441
2023-02-01,1.2377588271482058
2023-02-02,1.2241692976390768
2023-02-03,1.158958913789596
2023-02-06,1.1476113173094247
2023-02-07,1.1541446380496838
2023-02-08,1.1507139222701146
2023-02-09,1.1207648360990625
2023-02-10,1.1144197062555297
2023-02-13,1.1274688731128366
2023-02-14,1.1254834706784904
2023-02-15,1.105724347521996
2023-02-16,1.0767411591997595
2023-02-17,1.0853265852989098
2023-02-21,1.0418018031869278
2023-02-22,1.0415829346911933
2023-02-23,1.054682408563641
2023-02-24,1.0229405875241937
2023-02-27,1.0332271837570182
2023-02-28,1.03935986026602
2023-03-01,1.0329217831512438
2023-03-02,1.0311800050508322
2023-03-03,1.0814730671398571
2023-03-06,1.0683831875672427
2023-03-07,1.03613800600505
2023-03-08,1.037881840241877
2023-03-09,1.0332825722331354
2023-03-10,1.0754227067288942
2023-03-13,1.1046875567494887
2023-03-14,1.0990193759179885
2023-03-15,1.120481799859105
2023-03-16,1.1343937499990773
2023-03-17,1.1746275117798743
2023-03-20,1.1769523817520016
2023-03-21,1.1570064233522566
2023-03-22,1.174006620731246
2023-03-23,1.194061738355445
2023-03-24,1.190073157255392
2023-03-27,1.1550111380176376
2023-03-28,1.1651489157830694
2023-03-29,1.1725541068083298
2023-03-30,1.196022701822318
2023-03-31,1.2202898025235474
2023-04-03,1.2391748272803007
2023-04-04,1.2616705128625625
2023-04-05,1.2687789230568272
2023-04-06,1.266859415735328
2023-04-10,1.2392148500915783
2023-04-11,1.2497224215072826
2023-04-12,1.2493035463738054
2023-04-13,1.2748637928106699
2023-04-14,1.2367058694353767
2023-04-17,1.2216063340965262
2023-04-18,1.2309724389081793
2023-04-19,1.2230267246505628
2023-04-20,1.2303325983864317
2023-04-21,1.2117204061625713
2023-04-24,1.227174117677111
2023-04-25,1.2296970198272383
2023-04-26,1.204869914271284
2023-04-27,1.21834719986814
2023-04-28,1.2469080241036135
2023-05-01,1.2064614179614428
2023-05-02,1.244064137407009
2023-05-03,1.2517149586681526
2023-05-04,1.2406687627352906
2023-05-05,1.2411871225157778
2023-05-08,1.2280814029199492
2023-05-09,1.2275111031616017
2023-05-10,1.2418098108337499
2023-05-11,1.2391218331090244
2023-05-12,1.2260275730418706
2023-05-15,1.2223318444216171
2023-05-16,1.1938876870047215
2023-05-17,1.2020120207240648
2023-05-18,1.1901713387079926
2023-05-19,1.1934043392253317
2023-05-22,1.1871128702677336
2023-05-23,1.1768864580421583
2023-05-24,1.1523681229484863
2023-05-25,1.148750816513938
2023-05-26,1.1774625426936383
2023-05-30,1.1955200297806752
2023-05-31,1.1989667976493166
2023-06-01,1.2251684362530264
2023-06-02,1.2198036128134617
2023-06-05,1.220876843206759
2023-06-06,1.2259689598499461
2023-06-07,1.2079093453093848
2023-06-08,1.2259516421716241
2023-06-09,1.2245264977562162
2023-06-12,1.2315216387746064
2023-06-13,1.2258423770182172
2023-06-14,1.231102559450334
2023-06-15,1.248914076070898
2023-06-16,1.2431571640469674
2023-06-20,1.23673447585794
2023-06-21,1.233383386204559
2023-06-22,1.2228786393474371
2023-06-23,1.224577475967021
2023-06-26,1.2231672216696579
2023-06-27,1.226155491400462
2023-06-28,1.2271603429535092
2023-06-29,1.2190614961150177
2023-06-30,1.2372602710411293
2023-07-03,1.2353494775127771
2023-07-05,1.2268115273157583
2023-07-06,1.212054561884052
2023-07-07,1.2119037231840442
2023-07-10,1.2144657853277252
2023-07-11,1.223452076853338
2023-07-12,1.243098859307498
2023-07-13,1.2541387257463814
2023-07-14,1.2481883575528123
2023-07-17,1.2509983959496658
2023-07-18,1.2658250152463117
2023-07-19,1.2731500491399346
2023-07-20,1.2583157170061856
2023-07-21,1.2561084359182724
2023-07-24,1.2540947910189524
2023-07-25,1.2584210795038986
2023-07-26,1.2620300345703475
2023-07-27,1.2362858052823362
2023-07-28,1.2505454558765055
2023-07-31,1.254608947913358
2023-08-01,1.236798785460383
2023-08-02,1.2184053093210994
2023-08-03,1.1903537520479166
2023-08-04,1.2065266182922
2023-08-07,1.2052883560078815
2023-08-08,1.2031497568051994
2023-08-09,1.1933593026444664
2023-08-10,1.17588368880072
2023-08-11,1.172757384833566
2023-08-14,1.1739675224284685
2023-08-15,1.1493891111512509
2023-08-16,1.1254096465815395
2023-08-17,1.1099412207802462
2023-08-18,1.113950518836163
2023-08-21,1.112626392796528
2023-08-22,1.1182967344503156
2023-08-23,1.1672753525496438
2023-08-24,1.1424444562314886
2023-08-25,1.1529125728883827
2023-08-28,1.16544197023557
2023-08-29,1.2061893914987545
2023-08-30,1.2137303173186245
2023-08-31,1.2141167938876813
2023-09-01,1.2030129403635794
2023-09-05,1.1728341637786062
2023-09-06,1.1594680314365025
2023-09-07,1.1588798027792788
2023-09-08,1.163859403412397
2023-09-11,1.1680465016539001
2023-09-12,1.1582031826327182
2023-09-13,1.1556885364233842
2023-09-14,1.1605092139295283
2023-09-15,1.1490032758559123
2023-09-18,1.1620257871476936
2023-09-19,1.151338609784484
2023-09-20,1.1429918480864376
2023-09-21,1.0909484092501323
2023-09-22,1.0983146155137629
2023-09-25,1.0764055841767912
2023-09-26,1.0458254553114386
2023-09-27,1.0262973546097272
2023-09-28,1.028286503060834
2023-09-29,1.0124765862835858
2023-10-02,0.9865166115685339
2023-10-03,0.9540051465882583
2023-10-04,0.9705101839501357
2023-10-05,0.9643476820728947
2023-10-06,0.9741089029243221
2023-10-09,1.0189998270312468
2023-10-10,1.0212676432862977
2023-10-11,1.0498865628573588
2023-10-12,1.018903882797393
2023-10-13,1.0672078560558542
2023-10-16,1.060164692666575
2023-10-17,1.0541482535289033
2023-10-18,1.0517819699643938
2023-10-19,1.042840790678074
2023-10-20,1.0370387636348595
2023-10-23,1.0394560696721482
2023-10-24,1.0570459887469261
2023-10-25,1.0299400123955775
2023-10-26,1.030104760215255
2023-10-27,1.0369235629058062
2023-10-30,1.0391332476600046
2023-10-31,1.0351444566921135
2023-11-01,1.0593371626128132
2023-11-02,1.102986693963677
2023-11-03,1.1239567380053592
2023-11-06,1.108457104197582
2023-11-07,1.117979588787842
2023-11-08,1.1191230904717808
2023-11-09,1.0960700237503207
2023-11-10,1.105055766564375
2023-11-13,1.109107045298356
2023-11-14,1.1623079033880188
2023-11-15,1.149505224120498
2023-11-16,1.1763095694461105
2023-11-17,1.1814613046349678
2023-11-20,1.1941527905368552
2023-11-21,1.205829072550537
2023-11-22,1.2077075177876997
2023-11-24,1.2055020856746048
2023-11-27,1.2268024446882049
2023-11-28,1.248880926176171
2023-11-29,1.2610363439758372
2023-11-30,1.249648324810599
2023-12-01,1.299509880331438
2023-12-04,1.2550987504021909
2023-12-05,1.2677407423344016
2023-12-06,1.278958089068942
2023-12-07,1.2873395593054748
2023-12-08,1.2660759187782982
2023-12-11,1.2532903697449733
2023-12-12,1.2614417077875926
2023-12-13,1.3349211597802857
2023-12-14,1.3728143969998945
2023-12-15,1.3563982874394416
2023-12-18,1.3647198554027526
2023-12-19,1.390011746607982
2023-12-20,1.365613989028658
2023-12-21,1.3855686630788078
2023-12-22,1.391467094528386
2023-12-26,1.4131912488362754
2023-12-27,1.440771321278201
2023-12-28,1.4241984484593428
2023-12-29,1.4078980087682484
2024-01-02,1.3893261356608118
2024-01-03,1.366517338683864
2024-01-04,1.3473027119625862
2024-01-05,1.3402337090667182
2024-01-08,1.3619651374546051
2024-01-09,1.353180661787069
2024-01-10,1.3545418130608535
2024-01-11,1.361383854777368
2024-01-12,1.3740789044844632
2024-01-16,1.3365679244648603
2024-01-17,1.309840662011754
2024-01-18,1.3266121703551803
2024-01-19,1.353897819259056
2024-01-22,1.3572411003305902
2024-01-23,1.3596233237197597
2024-01-24,1.3436080178523868
2024-01-25,1.3639548378085091
2024-01-26,1.3584056488648966
2024-01-29,1.3923360420012787
2024-01-30,1.4013012845916115
2024-01-31,1.380695962941214
2024-02-01,1.436797885895656
2024-02-02,1.4186600663323934
2024-02-05,1.3832581159139479
2024-02-06,1.4053883052271186
2024-02-07,1.414619268801642
2024-02-08,1.408003657217018
2024-02-09,1.4104344342253783
2024-02-12,1.4069886357987804
2024-02-13,1.3452789024217007
2024-02-14,1.3646341053454498
2024-02-15,1.3908123752359003
2024-02-16,1.3813808016338613
2024-02-20,1.381174347965373
2024-02-21,1.3755646239352082
2024-02-22,1.4165673663678908
2024-02-23,1.4396461487695629
2024-02-26,1.4265365045168432
2024-02-27,1.420875474051846
2024-02-28,1.4275983706660418
2024-02-29,1.4487448339689593
2024-03-01,1.5001941349158807
2024-03-04,1.5184513251741956
2024-03-05,1.527440987025064
2024-03-06,1.5562522913695116
2024-03-07,1.581663220970687
2024-03-08,1.582495236958424
2024-03-11,1.582858241000678
2024-03-12,1.5726317456676993
2024-03-13,1.5751553937367035
2024-03-14,1.5449882718162151
2024-03-15,1.5266486049271644
2024-03-18,1.5354560334646914
2024-03-19,1.5460928548715516
2024-03-20,1.5812673346788049
2024-03-21,1.5875470628752657
2024-03-22,1.5817331202368865
2024-03-25,1.575431144459599
2024-03-26,1.5804775709758832
2024-03-27,1.6196511583544049
2024-03-28,1.6401563930098928
2024-04-01,1.6303814750940564
2024-04-02,1.636901885362275
2024-04-03,1.653553364406302
2024-04-04,1.6312016323172573
2024-04-05,1.6598499518743506
2024-04-08,1.671353909386727
2024-04-09,1.6960624684847798
2024-04-10,1.6288223983327867
2024-04-11,1.6692374353316783
2024-04-12,1.6278757820737326
2024-04-15,1.6162817791855522
2024-04-16,1.6057451639372609
2024-04-17,1.5976044791770094
2024-04-18,1.5926671340813172
2024-04-19,1.5873536259752214
2024-04-22,1.55905652247177
2024-04-23,1.5752832058317303
2024-04-24,1.5615877766659874
2024-04-25,1.5554115549087482
2024-04-26,1.5834269910057126
2024-04-29,1.597062133306991
2024-04-30,1.5237782181877868
2024-05-01,1.5422657683837278
2024-05-02,1.5582329102185497
2024-05-03,1.5752156568953712
2024-05-06,1.5937556302504745
2024-05-07,1.5954517732906988
2024-05-08,1.587625606551052
2024-05-09,1.6070127963192067
2024-05-10,1.6085904085824945
2024-05-13,1.6017353139188677
2024-05-14,1.6155806171456695
2024-05-15,1.64609468163805
2024-05-16,1.639660201926308
2024-05-17,1.6467270500292766
2024-05-20,1.6474001124728486
2024-05-21,1.6519034659348333
2024-05-22,1.6356695923457054
2024-05-23,1.6081916559492164
2024-05-24,1.6161401500136068
2024-05-28,1.6118228399453054
2024-05-29,1.5881602303317295
2024-05-30,1.5908277966659654
2024-05-31,1.5990006990048504
2024-06-03,1.6184776439242647
2024-06-04,1.626979921051267
2024-06-05,1.6770091702469585
2024-06-06,1.6841036381989778
2024-06-07,1.6008271967422205
2024-06-10,1.6075506717109735
2024-06-11,1.6319505048485787
2024-06-12,1.6630185080358566
2024-06-13,1.6796522414812332
2024-06-14,1.7123185553005573
2024-06-17,1.7035248537100853
2024-06-18,1.7292762550774536
2024-06-20,1.7294340700242996
2024-06-21,1.7040681848544608
2024-06-24,1.7093972284755021
2024-06-25,1.7124974282954213
2024-06-26,1.6770192526966712
2024-06-27,1.701871472358471
2024-06-28,1.6619345783036301
2024-07-01,1.640345281534663
2024-07-02,1.6654936427683198
2024-07-03,1.7109830554122591
2024-07-05,1.7539091102948556
2024-07-08,1.7424818585523278
2024-07-09,1.73920877179468
2024-07-10,1.7710156458015387
2024-07-11,1.78993431490195
2024-07-12,1.810131086358509
2024-07-15,1.8014580265058042
2024-07-16,1.8655355054018914
2024-07-17,1.823874539634213
2024-07-18,1.7829112595470187
2024-07-19,1.7323019283810306
2024-07-22,1.7509354278512907
2024-07-23,1.7490393318032071
2024-07-24,1.6740336230047501
2024-07-25,1.6540770423346896
2024-07-26,1.702954263935665
2024-07-29,1.7100021356481139
2024-07-30,1.7169575616649686
2024-07-31,1.7929590901245158
2024-08-01,1.7679705604589262
2024-08-02,1.771282313275896
2024-08-05,1.6969695751272285
2024-08-06,1.6693439061075332
2024-08-07,1.64319561905787
2024-08-08,1.701825748278825
2024-08-09,1.7298028330450925
2024-08-12,1.7609090128836653
2024-08-13,1.8055316377162745
2024-08-14,1.810501624485947
2024-08-15,1.839631503238021
2024-08-16,1.8843842378449882
2024-08-19,1.9118132937030172
2024-08-20,1.9274787297216636
2024-08-21,1.9341749462774562
2024-08-22,1.8777969562620496
2024-08-23,1.9314905435872756
2024-08-26,1.9258219841639013
2024-08-27,1.9298259459886475
2024-08-28,1.9020156801619064
2024-08-29,1.9041081794414538
2024-08-30,1.8960254349091998
2024-09-03,1.8692562570721805
2024-09-04,1.8895181635327425
2024-09-05,1.9092879738219866
2024-09-06,1.8610459122973926
2024-09-09,1.897081011952778
2024-09-10,1.9258207115240933
2024-09-11,1.940680165228032
2024-09-12,1.9796523983110883
2024-09-13,2.0132291249170864
2024-09-16,2.0335202245418675
2024-09-17,2.012469945628264
2024-09-18,1.965034667444618
2024-09-19,2.0210657503690355
2024-09-20,2.0327207686256874
2024-09-23,2.0360897096461907
2024-09-24,2.0674419338548446
2024-09-25,2.0413028221177516
2024-09-26,2.0631278001979574
2024-09-27,2.0539989985177938
2024-09-30,2.035747262016703
2024-10-01,2.0506251444338126
2024-10-02,2.033149454055709
2024-10-03,2.0066291077864027
2024-10-04,1.9913849411205025
2024-10-07,1.9510954247689853
2024-10-08,1.9561561979473905
2024-10-09,1.9448005625716445
2024-10-10,1.9469153509326733
2024-10-11,1.9694067300035174
2024-10-14,1.981559482971665
2024-10-15,1.999922133056822
2024-10-16,2.026181023656776
2024-10-17,2.0026619601418707
2024-10-18,2.031762845251692
2024-10-21,1.9887772550014018
2024-10-22,2.0106191990873663
2024-10-23,1.9628690196759813
2024-10-24,1.9947506857503328
2024-10-25,1.9851962784829664
2024-10-28,1.9841270708425658
2024-10-29,2.011183042259738
2024-10-30,2.0223594697719562
2024-10-31,1.957706674841853
2024-11-01,1.9423608938600831
2024-11-04,1.9578716434919012
2024-11-05,1.9766285201437852
2024-11-06,1.9415904296740252
2024-11-07,1.9765525452994794
2024-11-08,1.9877235641790116
2024-11-11,1.9608628741138632
2024-11-12,1.9334600399161903
2024-11-13,1.9142697788191445
2024-11-14,1.9117679906399627
2024-11-15,1.8953451038949316
2024-11-18,1.9176500432278145
2024-11-19,1.9341637742521223
2024-11-20,1.9359056105990295
2024-11-21,1.9473558253807302
2024-11-22,1.9623834597212564
2024-11-25,1.9656888392713414
2024-11-26,1.9678629796358922
2024-11-27,1.9742210079466826
2024-11-29,1.998976320818188
2024-12-02,1.9946766237757898
2024-12-03,1.980932752242888
2024-12-04,2.0195875697683014
2024-12-05,2.0054557630749197
2024-12-06,2.0118582497082107
2024-12-09,1.9960898888662164
2024-12-10,1.999356006423767
2024-12-11,2.0141043123666797
2024-12-12,1.9520705758314247
2024-12-13,1.9115119645727654
2024-12-16,1.9291315869552412
2024-12-17,1.9161847251032524
2024-12-18,1.7916225774285082
2024-12-19,1.7655558164114922
2024-12-20,1.8147174204522138
2024-12-23,1.8035351272508444
2024-12-24,1.8367652156144065
2024-12-26,1.8445173160411745
2024-12-27,1.7943341891452451
2024-12-30,1.776860633041461
